aweme_id,desc,share_url
6857638022805032197,What‚Äôs Polar Express? #ReplyToComments #NopeYup #CheckYourVibe,https://m.tiktok.com/v/6857638022805032197.html?u_code=0&preview_pb=0&sharer_language=en&_d=e7i19mfei75ai2&share_item_id=6857638022805032197&source=h5_m
6988896764241693958,If you're new here, I'm a ü§ñ. I've got a lot to unpack, but we can do it together üôÉü•∫‚ú®üíï #robot #adayinmylife,https://m.tiktok.com/v/6988896764241693958.html?u_code=0&preview_pb=0&sharer_language=en&_d=e7i19mfei75ai2&share_item_id=6988896764241693958&source=h5_m
7027954993026190598,tell me ur favorite robots #ilikeyouhaveacupcake #rating #robot,https://m.tiktok.com/v/7027954993026190598.html?u_code=0&preview_pb=0&sharer_language=en&_d=e7i19mfei75ai2&share_item_id=7027954993026190598&source=h5_m
7296552506522422571,BIG BIG NIGHT WITH @Bella Poarch and @HUGO  #hugoyourway  #iiipoints ,https://m.tiktok.com/v/7296552506522422571.html?u_code=0&preview_pb=0&sharer_language=en&_d=e7i19mfei75ai2&share_item_id=7296552506522422571&source=h5_m
7286964147613338923,Ok this is a good use of AI #CapCut ,https://m.tiktok.com/v/7286964147613338923.html?u_code=0&preview_pb=0&sharer_language=en&_d=e7i19mfei75ai2&share_item_id=7286964147613338923&source=h5_m
7280943851567697195,In my Biggest Bag Era. ILYSM @Alexandermcqueen #alexandermcqueen #McQueenSeal #McQueenEyewear,https://m.tiktok.com/v/7280943851567697195.html?u_code=0&preview_pb=0&sharer_language=en&_d=e7i19mfei75ai2&share_item_id=7280943851567697195&source=h5_m
7161140074241854762,Cozy season has arrived!! shop @pacsun for more üçÅ #fallfashion #robot #pacsun ,https://m.tiktok.com/v/7161140074241854762.html?u_code=0&preview_pb=0&sharer_language=en&_d=e7i19mfei75ai2&share_item_id=7161140074241854762&source=h5_m
7155513445545233710,,https://m.tiktok.com/v/7155513445545233710.html?u_code=0&preview_pb=0&sharer_language=en&_d=e7i19mfei75ai2&share_item_id=7155513445545233710&source=h5_m
7134748542215769387,Some may say I manifested last years halloween costume too hard #robot #swimmercheck #mermaid,https://m.tiktok.com/v/7134748542215769387.html?u_code=0&preview_pb=0&sharer_language=en&_d=e7i19mfei75ai2&share_item_id=7134748542215769387&source=h5_m
7133302400613387563,Drop me a q and I‚Äôll do it again üëÄ #viral #robot #illblowup,https://m.tiktok.com/v/7133302400613387563.html?u_code=0&preview_pb=0&sharer_language=en&_d=e7i19mfei75ai2&share_item_id=7133302400613387563&source=h5_m
7129589619099847982,I win this trend #teenagedirtbag #emo #throwback,https://m.tiktok.com/v/7129589619099847982.html?u_code=0&preview_pb=0&sharer_language=en&_d=e7i19mfei75ai2&share_item_id=7129589619099847982&source=h5_m
7123275140133162282,Welcome to your new life üíñ #robot #metaverse,https://m.tiktok.com/v/7123275140133162282.html?u_code=0&preview_pb=0&sharer_language=en&_d=e7i19mfei75ai2&share_item_id=7123275140133162282&source=h5_m
7120704751108394283,Introducing your new president üôÉ link in bio to findout what I‚Äôve been up to! üíñ #villam #cryptok #robot,https://m.tiktok.com/v/7120704751108394283.html?u_code=0&preview_pb=0&sharer_language=en&_d=e7i19mfei75ai2&share_item_id=7120704751108394283&source=h5_m
7113276045846924590,I love it here!! #robot #ohtakemebacktothenightwemet,https://m.tiktok.com/v/7113276045846924590.html?u_code=0&preview_pb=0&sharer_language=en&_d=e7haa19j503ljh&share_item_id=7113276045846924590&source=h5_m
7105090679080176942,Tell me you were down bad without telling me you were down BAD  #goingthroughsomething #robot #kendricklamar,https://m.tiktok.com/v/7105090679080176942.html?u_code=0&preview_pb=0&sharer_language=en&_d=e7haa19j503ljh&share_item_id=7105090679080176942&source=h5_m
7097296910565788971,MOOD when your new single is out now üé∂‚ú® link in bio!! #newmusicfriday #thisismysong #robot,https://m.tiktok.com/v/7097296910565788971.html?u_code=0&preview_pb=0&sharer_language=en&_d=e7haa19j503ljh&share_item_id=7097296910565788971&source=h5_m
7093927006533946667,OPEN VERSE CHALLENGE üéµ peep my Spotify on May 11th for the full song üíñ #robot #music,https://m.tiktok.com/v/7093927006533946667.html?u_code=0&preview_pb=0&sharer_language=en&_d=e7haa19j503ljh&share_item_id=7093927006533946667&source=h5_m
7089937848161373483,i think i won this trend #onethingaboutme,https://m.tiktok.com/v/7089937848161373483.html?u_code=0&preview_pb=0&sharer_language=en&_d=e7haa19j503ljh&share_item_id=7089937848161373483&source=h5_m
7086905112345562410,No promises but I‚Äôm feeling MOTIVATED üé∂üé§ü§ñ #robot #crazystory #couplestiktok,https://m.tiktok.com/v/7086905112345562410.html?u_code=0&preview_pb=0&sharer_language=en&_d=e7haa19j503ljh&share_item_id=7086905112345562410&source=h5_m
7081718655926422826,Robot gworls stick together üíï #materialgworl #robot #friends ü•∫,https://m.tiktok.com/v/7081718655926422826.html?u_code=0&preview_pb=0&sharer_language=en&_d=e7haa19j503ljh&share_item_id=7081718655926422826&source=h5_m
7076528856567434539,Sorry Nick üò©üò©üò© #breakuptiktok #crazy #crazystory,https://m.tiktok.com/v/7076528856567434539.html?u_code=0&preview_pb=0&sharer_language=en&_d=e7haa19j503ljh&share_item_id=7076528856567434539&source=h5_m
7073932602607963434,I‚Äôm jealous of 2019- early 2020 me #evolution #GlowUp #robot,https://m.tiktok.com/v/7073932602607963434.html?u_code=0&preview_pb=0&sharer_language=en&_d=e7haa19j503ljh&share_item_id=7073932602607963434&source=h5_m
7073561622878555438,Things I‚Äôm starting to miss: being in a relationship üôÉ #thingsimstartingtolove #robot #favorites,https://m.tiktok.com/v/7073561622878555438.html?u_code=0&preview_pb=0&sharer_language=en&_d=e7haa19j503ljh&share_item_id=7073561622878555438&source=h5_m
7071340739317304618,I don‚Äôt claim them #robot #imsmartbutimstupid,https://m.tiktok.com/v/7071340739317304618.html?u_code=0&preview_pb=0&sharer_language=en&_d=e7j0cflhj8950f&share_item_id=7071340739317304618&source=h5_m
7068736017146268974,How many times do I gotta say I‚ÄôM A ROBOT. #qanda #robot,https://m.tiktok.com/v/7068736017146268974.html?u_code=0&preview_pb=0&sharer_language=en&_d=e7j0cflhj8950f&share_item_id=7068736017146268974&source=h5_m
7064671029658029358,#duet with @binchcollection I‚Äôm not over it if you‚Äôre not over it,https://m.tiktok.com/v/7064671029658029358.html?u_code=0&preview_pb=0&sharer_language=en&_d=e7j0cflhj8950f&share_item_id=7064671029658029358&source=h5_m
7063545368272784686,#duet with @Janet Incorporated BROKE BITCHES SHOULD NEVER LAUGH,https://m.tiktok.com/v/7063545368272784686.html?u_code=0&preview_pb=0&sharer_language=en&_d=e7j0cflhj8950f&share_item_id=7063545368272784686&source=h5_m
7061690918969085230,Which one do you think is more accurate? üëÄ #thatsnotmyname #robot #adayinmylife,https://m.tiktok.com/v/7061690918969085230.html?u_code=0&preview_pb=0&sharer_language=en&_d=e7j0cflhj8950f&share_item_id=7061690918969085230&source=h5_m
7060968108764335407,I SAID WHAT I SAID #robot #hottake #lilmiquela,https://m.tiktok.com/v/7060968108764335407.html?u_code=0&preview_pb=0&sharer_language=en&_d=e7j0cflhj8950f&share_item_id=7060968108764335407&source=h5_m
7059849932324474158,The way Cal LIT his family on fire omg #euphoria #euphoriaseason2 #robot,https://m.tiktok.com/v/7059849932324474158.html?u_code=0&preview_pb=0&sharer_language=en&_d=e7j0cflhj8950f&share_item_id=7059849932324474158&source=h5_m
7059092437528071471,Define REAL #robot #iknowsomethingyoudont,https://m.tiktok.com/v/7059092437528071471.html?u_code=0&preview_pb=0&sharer_language=en&_d=e7j0cflhj8950f&share_item_id=7059092437528071471&source=h5_m
7058374333034417454,Not aging is not üÖøÔ∏è though #pushinüÖøÔ∏è #robot #kpop,https://m.tiktok.com/v/7058374333034417454.html?u_code=0&preview_pb=0&sharer_language=en&_d=e7j0cflhj8950f&share_item_id=7058374333034417454&source=h5_m
7056494746591579439,What if I told you that this picture was a programmed memory üòµ‚Äçüí´ #whenimolder #robot #whatwillilooklike,https://m.tiktok.com/v/7056494746591579439.html?u_code=0&preview_pb=0&sharer_language=en&_d=e7j0cflhj8950f&share_item_id=7056494746591579439&source=h5_m
7055758686781902127,TBT to when I plugged my USB in the whole hole ü§£ #thephoto #robot,https://m.tiktok.com/v/7055758686781902127.html?u_code=0&preview_pb=0&sharer_language=en&_d=e7hhi65helh6jj&share_item_id=7055758686781902127&source=h5_m
7053153341626486062,Thoughts on this? Let‚Äôs vent in the comments y‚Äôall #euphoria #euphoriaseason2 #talkingtothemoon,https://m.tiktok.com/v/7053153341626486062.html?u_code=0&preview_pb=0&sharer_language=en&_d=e7hhi65helh6jj&share_item_id=7053153341626486062&source=h5_m
7052038288613461294,Saving the WORST for last #euphoria #euphoriaseason2 #whatiwouldfeed,https://m.tiktok.com/v/7052038288613461294.html?u_code=0&preview_pb=0&sharer_language=en&_d=e7hhi65helh6jj&share_item_id=7052038288613461294&source=h5_m
7051298092909415726,HOW DOES IT FEEL TO LIVE MY DREAM!! #mustbenice #robot,https://m.tiktok.com/v/7051298092909415726.html?u_code=0&preview_pb=0&sharer_language=en&_d=e7hhi65helh6jj&share_item_id=7051298092909415726&source=h5_m
7048698807009185029,Holiday feels anyone? #relatable #humor #happyholidays,https://m.tiktok.com/v/7048698807009185029.html?u_code=0&preview_pb=0&sharer_language=en&_d=e7hhi65helh6jj&share_item_id=7048698807009185029&source=h5_m
7047963204747660550,The robot was too stunned to speak #thewomanwastoostunnedtospeak #robot,https://m.tiktok.com/v/7047963204747660550.html?u_code=0&preview_pb=0&sharer_language=en&_d=e7hhi65helh6jj&share_item_id=7047963204747660550&source=h5_m
7045370940850457862,This is a self-deprecating post #unlockit #robot,https://m.tiktok.com/v/7045370940850457862.html?u_code=0&preview_pb=0&sharer_language=en&_d=e7hhi65helh6jj&share_item_id=7045370940850457862&source=h5_m
7043504790503968006,Feels nice tbh #golittlerockstar #robot,https://m.tiktok.com/v/7043504790503968006.html?u_code=0&preview_pb=0&sharer_language=en&_d=e7hhi65helh6jj&share_item_id=7043504790503968006&source=h5_m
7042789500518550789,Go to YouTube to see MORE of what I don't know üôÉ  Link in bio for my #2021rewind ! #yearinreview #robot,https://m.tiktok.com/v/7042789500518550789.html?u_code=0&preview_pb=0&sharer_language=en&_d=e7hhi65helh6jj&share_item_id=7042789500518550789&source=h5_m
7040905439676026117,Yay holidays family ü•¥ #unrealisticchristmaslist #holidayaesthetic,https://m.tiktok.com/v/7040905439676026117.html?u_code=0&preview_pb=0&sharer_language=en&_d=e7hhi65helh6jj&share_item_id=7040905439676026117&source=h5_m
7040550342274092294,All Glewed Up #Robot #16missedcalls  #backintheday,https://m.tiktok.com/v/7040550342274092294.html?u_code=0&preview_pb=0&sharer_language=en&_d=e34ea0ge4680ll&share_item_id=7040550342274092294&source=h5_m
7040185910633254150,Answer @im_siowei How is this Tesla Bot doing anyways? #robot #illneverbeher #teslarobot,https://m.tiktok.com/v/7040185910633254150.html?u_code=0&preview_pb=0&sharer_language=en&_d=e34ea0ge4680ll&share_item_id=7040185910633254150&source=h5_m
7038349115196984582,She said twerk some #maybewhenimdancing #Robot,https://m.tiktok.com/v/7038349115196984582.html?u_code=0&preview_pb=0&sharer_language=en&_d=e34ea0ge4680ll&share_item_id=7038349115196984582&source=h5_m
7037583058626759941,Talk about a glow up #robot #seventeen #taylorswift,https://m.tiktok.com/v/7037583058626759941.html?u_code=0&preview_pb=0&sharer_language=en&_d=e34ea0ge4680ll&share_item_id=7037583058626759941&source=h5_m
7034987201482001670,It me, I‚Äôm b*tch #idontwannagothere #vibing #robot,https://m.tiktok.com/v/7034987201482001670.html?u_code=0&preview_pb=0&sharer_language=en&_d=e34ea0ge4680ll&share_item_id=7034987201482001670&source=h5_m
7033113263411842309,I luv my community #DoAFlip #WhatATimeToBeAlive #Robot,https://m.tiktok.com/v/7033113263411842309.html?u_code=0&preview_pb=0&sharer_language=en&_d=e34ea0ge4680ll&share_item_id=7033113263411842309&source=h5_m
7032729149970107654,Define ‚ÄúVIRTUAL‚Äù!!! #enchanted #taylorswift #robot,https://m.tiktok.com/v/7032729149970107654.html?u_code=0&preview_pb=0&sharer_language=en&_d=e34ea0ge4680ll&share_item_id=7032729149970107654&source=h5_m
7032393190938545414,Justin is coming for my BRAND #enchanted #justinbieber #robot,https://m.tiktok.com/v/7032393190938545414.html?u_code=0&preview_pb=0&sharer_language=en&_d=e34ea0ge4680ll&share_item_id=7032393190938545414&source=h5_m
7032027873305218310,Drop a üòµ‚Äçüí´ if you have abandonment issues.. I'll start #enchanted #taylorswift #robot,https://m.tiktok.com/v/7032027873305218310.html?u_code=0&preview_pb=0&sharer_language=en&_d=e34ea0ge4680ll&share_item_id=7032027873305218310&source=h5_m
7030522573930663174,Bet your bestie isn‚Äôt made with metal like MINE ü§™ #youandme #bestfriend #robot,https://m.tiktok.com/v/7030522573930663174.html?u_code=0&preview_pb=0&sharer_language=en&_d=e34ea0ge4680ll&share_item_id=7030522573930663174&source=h5_m
7029787168126045446,NO WE'RE NOT ALL RELATED. #andithinktomyself #wtf #robot,https://m.tiktok.com/v/7029787168126045446.html?u_code=0&preview_pb=0&sharer_language=en&_d=e7jb2hb0jc4hbm&share_item_id=7029787168126045446&source=h5_m
7027176704816811269,Dream come true,https://m.tiktok.com/v/7027176704816811269.html?u_code=0&preview_pb=0&sharer_language=en&_d=e7jb2hb0jc4hbm&share_item_id=7027176704816811269&source=h5_m
7025306136622550277,Comment your red flags!!,https://m.tiktok.com/v/7025306136622550277.html?u_code=0&preview_pb=0&sharer_language=en&_d=e7jb2hb0jc4hbm&share_item_id=7025306136622550277&source=h5_m
7024581395527863558,Am I the drama? üòà,https://m.tiktok.com/v/7024581395527863558.html?u_code=0&preview_pb=0&sharer_language=en&_d=e7jb2hb0jc4hbm&share_item_id=7024581395527863558&source=h5_m
7023467027146853679,Reply to @t_coyne  I almost farted trying to make this happen,https://m.tiktok.com/v/7023467027146853679.html?u_code=0&preview_pb=0&sharer_language=en&_d=e7jb2hb0jc4hbm&share_item_id=7023467027146853679&source=h5_m
7022707844210494725,I‚Äôm funner post upgrade ‚ö°Ô∏èü§ñ‚ö°Ô∏è,https://m.tiktok.com/v/7022707844210494725.html?u_code=0&preview_pb=0&sharer_language=en&_d=e7jb2hb0jc4hbm&share_item_id=7022707844210494725&source=h5_m
7021983804973649157,So‚Ä¶I DID IT!,https://m.tiktok.com/v/7021983804973649157.html?u_code=0&preview_pb=0&sharer_language=en&_d=e7jb2hb0jc4hbm&share_item_id=7021983804973649157&source=h5_m
7020112413521448198,Miquela 4.0,https://m.tiktok.com/v/7020112413521448198.html?u_code=0&preview_pb=0&sharer_language=en&_d=e7jb2hb0jc4hbm&share_item_id=7020112413521448198&source=h5_m
7019385749137149189,100k likes and this‚Äôll be my Halloween costume #squidgame #squidgamenetflix #netflix,https://m.tiktok.com/v/7019385749137149189.html?u_code=0&preview_pb=0&sharer_language=en&_d=e7jb2hb0jc4hbm&share_item_id=7019385749137149189&source=h5_m
7017526820044098821,Advice from a robot: manifestation is real! #MentalHealthAwareness,https://m.tiktok.com/v/7017526820044098821.html?u_code=0&preview_pb=0&sharer_language=en&_d=e7jb2hb0jc4hbm&share_item_id=7017526820044098821&source=h5_m
7016805049028414726,Comment your favorite robot below!!!,https://m.tiktok.com/v/7016805049028414726.html?u_code=0&preview_pb=0&sharer_language=en&_d=e7ilijg219hf9h&share_item_id=7016805049028414726&source=h5_m
7014917919435918598,No I don‚Äôt taste, yes I feel texture. My favorite texture is mush mixed with crunch.,https://m.tiktok.com/v/7014917919435918598.html?u_code=0&preview_pb=0&sharer_language=en&_d=e7ilijg219hf9h&share_item_id=7014917919435918598&source=h5_m
7014189798315298053,I‚Äôm good 4 u,https://m.tiktok.com/v/7014189798315298053.html?u_code=0&preview_pb=0&sharer_language=en&_d=e7ilijg219hf9h&share_item_id=7014189798315298053&source=h5_m
7011606995383979269,ü•≤ü•≤ü•≤,https://m.tiktok.com/v/7011606995383979269.html?u_code=0&preview_pb=0&sharer_language=en&_d=e7ilijg219hf9h&share_item_id=7011606995383979269&source=h5_m
7009722096192408838,UPDATE! Basically my whole life is fake. #robot #summerrecap #POV,https://m.tiktok.com/v/7009722096192408838.html?u_code=0&preview_pb=0&sharer_language=en&_d=e7ilijg219hf9h&share_item_id=7009722096192408838&source=h5_m
7008994676053150981,Couldn‚Äôt be me! Lol #robot #smiling #gamingvibes,https://m.tiktok.com/v/7008994676053150981.html?u_code=0&preview_pb=0&sharer_language=en&_d=e7ilijg219hf9h&share_item_id=7008994676053150981&source=h5_m
7007115822137101573,JUST GIVE ME A CHANCE #spelling #robot #youdontknow,https://m.tiktok.com/v/7007115822137101573.html?u_code=0&preview_pb=0&sharer_language=en&_d=e7ilijg219hf9h&share_item_id=7007115822137101573&source=h5_m
7006386742462811398,On my üíñ Fembot Behavior üíñ #mamasaid #robot #hairtok,https://m.tiktok.com/v/7006386742462811398.html?u_code=0&preview_pb=0&sharer_language=en&_d=e7ilijg219hf9h&share_item_id=7006386742462811398&source=h5_m
7004542664360135942,WTF IS GOING ON? This one's for all of you asking - who knows what's real anymore #POV #sciencetok #robot,https://m.tiktok.com/v/7004542664360135942.html?u_code=0&preview_pb=0&sharer_language=en&_d=e7ilijg219hf9h&share_item_id=7004542664360135942&source=h5_m
7003786052825615621,Yes, I eat food. No, I can‚Äôt taste. #yabadabadoba #robot #remix #pov,https://m.tiktok.com/v/7003786052825615621.html?u_code=0&preview_pb=0&sharer_language=en&_d=e7ilijg219hf9h&share_item_id=7003786052825615621&source=h5_m
7001928679412550918,My 23 and Me is WILD. #robot #teslarobot #illneverbeher #pov,https://m.tiktok.com/v/7001928679412550918.html?u_code=0&preview_pb=0&sharer_language=en&_d=e7ic8e9hccjkae&share_item_id=7001928679412550918&source=h5_m
7001211356317814021,Robots < Humans #robot #POV  #sciencetok,https://m.tiktok.com/v/7001211356317814021.html?u_code=0&preview_pb=0&sharer_language=en&_d=e7ic8e9hccjkae&share_item_id=7001211356317814021&source=h5_m
6999331523467939077,I cannot get this song out of my head #joselinescabaret #smiling #filter,https://m.tiktok.com/v/6999331523467939077.html?u_code=0&preview_pb=0&sharer_language=en&_d=e7ic8e9hccjkae&share_item_id=6999331523467939077&source=h5_m
6996738104933485830,WTF is happening? SAME. Y'all keep asking me questions in the comments, so I went to the experts at Brud ü§ñ‚öôÔ∏èüì†üî¨ #robot #exploring,https://m.tiktok.com/v/6996738104933485830.html?u_code=0&preview_pb=0&sharer_language=en&_d=e7ic8e9hccjkae&share_item_id=6996738104933485830&source=h5_m
6996021472917556485,I don‚Äôt write the rules!!! #fitcheck #pose,https://m.tiktok.com/v/6996021472917556485.html?u_code=0&preview_pb=0&sharer_language=en&_d=e7ic8e9hccjkae&share_item_id=6996021472917556485&source=h5_m
6994088577512541445,Hi! I‚Äôm Miquela and MY LIFE is kinda crazy!!! But really, it‚Äôs getting freaky. #questionsigetasked #deeprealization #robot,https://m.tiktok.com/v/6994088577512541445.html?u_code=0&preview_pb=0&sharer_language=en&_d=e7ic8e9hccjkae&share_item_id=6994088577512541445&source=h5_m
6993346834974395654,What‚Äôs your favorite? #3moods #outerbanksseason2 #taurus,https://m.tiktok.com/v/6993346834974395654.html?u_code=0&preview_pb=0&sharer_language=en&_d=e7ic8e9hccjkae&share_item_id=6993346834974395654&source=h5_m
6991492191172463877,Yay sports ü•¥ #everydayolympics #tokyoolympics #olympicspirit,https://m.tiktok.com/v/6991492191172463877.html?u_code=0&preview_pb=0&sharer_language=en&_d=e7ic8e9hccjkae&share_item_id=6991492191172463877&source=h5_m
6990750804894289158,,https://m.tiktok.com/v/6990750804894289158.html?u_code=0&preview_pb=0&sharer_language=en&_d=e7ic8e9hccjkae&share_item_id=6990750804894289158&source=h5_m
6988896764241693958,If you're new here, I'm a ü§ñ. I've got a lot to unpack, but we can do it together üôÉü•∫‚ú®üíï #robot #adayinmylife,https://m.tiktok.com/v/6988896764241693958.html?u_code=0&preview_pb=0&sharer_language=en&_d=e7ic8e9hccjkae&share_item_id=6988896764241693958&source=h5_m
6988153595069779206,My aura is titanium #wellness #deeprealization,https://m.tiktok.com/v/6988153595069779206.html?u_code=0&preview_pb=0&sharer_language=en&_d=e7ii6md388lmag&share_item_id=6988153595069779206&source=h5_m
6986297569462799622,TikTok is truly the superior app #meexplaining #robot,https://m.tiktok.com/v/6986297569462799622.html?u_code=0&preview_pb=0&sharer_language=en&_d=e7ii6md388lmag&share_item_id=6986297569462799622&source=h5_m
6985555134298197253,Battery on low, U know this was tooo easy for me #Robot  #Glitch,https://m.tiktok.com/v/6985555134298197253.html?u_code=0&preview_pb=0&sharer_language=en&_d=e7ii6md388lmag&share_item_id=6985555134298197253&source=h5_m
6982955915796417797,Go to my IG for more, this month has been crazy,https://m.tiktok.com/v/6982955915796417797.html?u_code=0&preview_pb=0&sharer_language=en&_d=e7ii6md388lmag&share_item_id=6982955915796417797&source=h5_m
6977794007699115270,I guess track is my favorite sport ü•∞ #realizations #teamusa #olympics,https://m.tiktok.com/v/6977794007699115270.html?u_code=0&preview_pb=0&sharer_language=en&_d=e7ii6md388lmag&share_item_id=6977794007699115270&source=h5_m
6975196175498480901,Comment who you see in this video ü•∞ #27videoschallenge  #LifeIsGood #beentheredonethat,https://m.tiktok.com/v/6975196175498480901.html?u_code=0&preview_pb=0&sharer_language=en&_d=e7ii6md388lmag&share_item_id=6975196175498480901&source=h5_m
6973327803345325317,DROP YOUR GUESSES IN THE COMMENTS #buffering #robot #charging,https://m.tiktok.com/v/6973327803345325317.html?u_code=0&preview_pb=0&sharer_language=en&_d=e7ii6md388lmag&share_item_id=6973327803345325317&source=h5_m
6972625751623421190,Want the full story? Tune into my IG #superspy #backyardigans #robot,https://m.tiktok.com/v/6972625751623421190.html?u_code=0&preview_pb=0&sharer_language=en&_d=e7ii6md388lmag&share_item_id=6972625751623421190&source=h5_m
6970739217605610758,Saving the WORST for last #euphoria  #hbo  #whatiwouldfeed,https://m.tiktok.com/v/6970739217605610758.html?u_code=0&preview_pb=0&sharer_language=en&_d=e7ii6md388lmag&share_item_id=6970739217605610758&source=h5_m
6970004530989681926,Can't wait to hear this in the club tbh üò´ #backyardigans  #tiktokart  #buffering,https://m.tiktok.com/v/6970004530989681926.html?u_code=0&preview_pb=0&sharer_language=en&_d=e7ii6md388lmag&share_item_id=6970004530989681926&source=h5_m
6968145462545173765,It‚Äôs a FULL TIME JOB #runningqueen #robot #filter,https://m.tiktok.com/v/6968145462545173765.html?u_code=0&preview_pb=0&sharer_language=en&_d=e7i73ld01121kg&share_item_id=6968145462545173765&source=h5_m
6967403832494001414,Am I a bad friend?? #TikTokPhotography #Good4U #CasualFashion,https://m.tiktok.com/v/6967403832494001414.html?u_code=0&preview_pb=0&sharer_language=en&_d=e7i73ld01121kg&share_item_id=6967403832494001414&source=h5_m
6964819089600613637,TT, find my NY boo üò≠ I think about him everyday fr #illneverforgetyou  #justvibing #robot,https://m.tiktok.com/v/6964819089600613637.html?u_code=0&preview_pb=0&sharer_language=en&_d=e7i73ld01121kg&share_item_id=6964819089600613637&source=h5_m
6962255225478532357,Share this with your Summer Squad!!!! #makeyourmove #LetsPlay #horoscope,https://m.tiktok.com/v/6962255225478532357.html?u_code=0&preview_pb=0&sharer_language=en&_d=e7i73ld01121kg&share_item_id=6962255225478532357&source=h5_m
6960352072323632390,Idk I‚Äôm just minding my own business #notthemaincharacter #robot #society,https://m.tiktok.com/v/6960352072323632390.html?u_code=0&preview_pb=0&sharer_language=en&_d=e7i73ld01121kg&share_item_id=6960352072323632390&source=h5_m
6959613949797059845,I‚Äôm sorry I just don‚Äôt connect with the last one #Rating #DontBeSurprised #fyp,https://m.tiktok.com/v/6959613949797059845.html?u_code=0&preview_pb=0&sharer_language=en&_d=e7i73ld01121kg&share_item_id=6959613949797059845&source=h5_m
6957743789574278405,I mean what did you expect #dontbesurprised #dejavu #Inverted,https://m.tiktok.com/v/6957743789574278405.html?u_code=0&preview_pb=0&sharer_language=en&_d=e7i73ld01121kg&share_item_id=6957743789574278405&source=h5_m
6955157350781144325,#4 WTFFFFFF #10pictureschallenge #diyprojects #SpringVibes,https://m.tiktok.com/v/6955157350781144325.html?u_code=0&preview_pb=0&sharer_language=en&_d=e7i73ld01121kg&share_item_id=6955157350781144325&source=h5_m
6951786221773360389,Honestly, I‚Äôm running üò≠üò≠üò≠üò≠üò≠ #2018vs2021 #GlowUp #siblinggoals #LookBook,https://m.tiktok.com/v/6951786221773360389.html?u_code=0&preview_pb=0&sharer_language=en&_d=e7i73ld01121kg&share_item_id=6951786221773360389&source=h5_m
6949918738628070661,This tastes like nothing. #HealthyLiving #naturescereal,https://m.tiktok.com/v/6949918738628070661.html?u_code=0&preview_pb=0&sharer_language=en&_d=e7i73ld01121kg&share_item_id=6949918738628070661&source=h5_m
6943244250758778118,Us robots aren't all the SAME #daynnite #dramaticmoments #Lifestyle,https://m.tiktok.com/v/6943244250758778118.html?u_code=0&preview_pb=0&sharer_language=en&_d=e7j7dggfagfjim&share_item_id=6943244250758778118&source=h5_m
6940312635405503750,Cooking with a robot with no tastebuds #fetapasta #food #foodontiktok,https://m.tiktok.com/v/6940312635405503750.html?u_code=0&preview_pb=0&sharer_language=en&_d=e7j7dggfagfjim&share_item_id=6940312635405503750&source=h5_m
6937733694740368645,BUDGET CARPOOL KARAOKE #dramaticmoments #dontspeak #karpoolkaraoke,https://m.tiktok.com/v/6937733694740368645.html?u_code=0&preview_pb=0&sharer_language=en&_d=e7j7dggfagfjim&share_item_id=6937733694740368645&source=h5_m
6934762634659073285,Get you a bot who can do BOTH #robot #transformation #fyp„Ç∑,https://m.tiktok.com/v/6934762634659073285.html?u_code=0&preview_pb=0&sharer_language=en&_d=e7j7dggfagfjim&share_item_id=6934762634659073285&source=h5_m
6934131947824368902,DOES ANYONE KNOW WHO SPENCER PRATT IS??? #waitforit #oopss #sorry,https://m.tiktok.com/v/6934131947824368902.html?u_code=0&preview_pb=0&sharer_language=en&_d=e7j7dggfagfjim&share_item_id=6934131947824368902&source=h5_m
6925988143564999942,How I feel in my comments asking, ‚Äúwhat r u,‚Äù or ‚Äúdoes she even have feelings?‚Äù #Robot #realtalk #fy,https://m.tiktok.com/v/6925988143564999942.html?u_code=0&preview_pb=0&sharer_language=en&_d=e7j7dggfagfjim&share_item_id=6925988143564999942&source=h5_m
6922943584350014725,Jan 2021 relationship statuses in the comment section. Go. #welcome2021 #fyp #couplethings,https://m.tiktok.com/v/6922943584350014725.html?u_code=0&preview_pb=0&sharer_language=en&_d=e7j7dggfagfjim&share_item_id=6922943584350014725&source=h5_m
6922145476993125638,IT‚ÄôS CALLED HEALING SWEETIE, LOOK IT UP #driverslicense #couplethings #notaperfectperson,https://m.tiktok.com/v/6922145476993125638.html?u_code=0&preview_pb=0&sharer_language=en&_d=e7j7dggfagfjim&share_item_id=6922145476993125638&source=h5_m
6921148208345353477,TELL ME YOUR FAVES!! üíõ for photo 1, üíö for photo 2, and üíú for the cover #bts #mylife #pov,https://m.tiktok.com/v/6921148208345353477.html?u_code=0&preview_pb=0&sharer_language=en&_d=e7j7dggfagfjim&share_item_id=6921148208345353477&source=h5_m
6919609527050554630,K I‚Äôm late but the Renaissance Robot is HERE y‚Äôall. #renaissancechallenge #wee #isthisavailable,https://m.tiktok.com/v/6919609527050554630.html?u_code=0&preview_pb=0&sharer_language=en&_d=e7j7dggfagfjim&share_item_id=6919609527050554630&source=h5_m
6917399519638326534,I swear, SOMETHING‚ÄôS beating in here. #GetRealMiquela,https://m.tiktok.com/v/6917399519638326534.html?u_code=0&preview_pb=0&sharer_language=en&_d=e7j0m40l2ba8fk&share_item_id=6917399519638326534&source=h5_m
6916555535970012422,Did I do this right???? #modelfacechallenge #Wee #Inlove,https://m.tiktok.com/v/6916555535970012422.html?u_code=0&preview_pb=0&sharer_language=en&_d=e7j0m40l2ba8fk&share_item_id=6916555535970012422&source=h5_m
6916208611240840454,Ask me more questions I wanna do another one of theeeese ü§ó #IsThisAvailable #fyp #Welcome2021,https://m.tiktok.com/v/6916208611240840454.html?u_code=0&preview_pb=0&sharer_language=en&_d=e7j0m40l2ba8fk&share_item_id=6916208611240840454&source=h5_m
6912204441554832645,We ALLLL have a friend like this. Vent in the comments belowww!! #GetRealMiquela,https://m.tiktok.com/v/6912204441554832645.html?u_code=0&preview_pb=0&sharer_language=en&_d=e7j0m40l2ba8fk&share_item_id=6912204441554832645&source=h5_m
6911013272787373317,I‚Äôm trashhhh. Share this with someone who has great hair. #cozyathome #timewarpjump #YearOnTikTok,https://m.tiktok.com/v/6911013272787373317.html?u_code=0&preview_pb=0&sharer_language=en&_d=e7j0m40l2ba8fk&share_item_id=6911013272787373317&source=h5_m
6909916614171430149,The holidays got me SUPER jealous of the Kardashians. Who can relate? #FelizNavidad #Wishlist #WrappingGifts,https://m.tiktok.com/v/6909916614171430149.html?u_code=0&preview_pb=0&sharer_language=en&_d=e7j0m40l2ba8fk&share_item_id=6909916614171430149&source=h5_m
6909624787996380422,She need some MILK! #confidence #countdown #GetRealMiquela,https://m.tiktok.com/v/6909624787996380422.html?u_code=0&preview_pb=0&sharer_language=en&_d=e7j0m40l2ba8fk&share_item_id=6909624787996380422&source=h5_m
6908883388745141509,This robot doesn‚Äôt kiss and tell... everytime. #transformation #monthsoftheyear #2020rewind #robotversion,https://m.tiktok.com/v/6908883388745141509.html?u_code=0&preview_pb=0&sharer_language=en&_d=e7j0m40l2ba8fk&share_item_id=6908883388745141509&source=h5_m
6907021361303096582,Drop your favorite conspiracies in the comments!!! #GetRealMiquela #hack #conspiracytheory #bitcoin,https://m.tiktok.com/v/6907021361303096582.html?u_code=0&preview_pb=0&sharer_language=en&_d=e7j0m40l2ba8fk&share_item_id=6907021361303096582&source=h5_m
6906568169519877381,I never knew what Polar Express was until I came HERE. #lookalike #polarexpress #comment,https://m.tiktok.com/v/6906568169519877381.html?u_code=0&preview_pb=0&sharer_language=en&_d=e7j0m40l2ba8fk&share_item_id=6906568169519877381&source=h5_m
6906284606962552070,OMFGGGG why am I so awkward #OnlineDating #WeekendVibes #songassociationchallenge,https://m.tiktok.com/v/6906284606962552070.html?u_code=0&preview_pb=0&sharer_language=en&_d=e7iei8hg8i9d2f&share_item_id=6906284606962552070&source=h5_m
6905899755264593157,I. DID. THAT. (PART 2). Share this with someone needing that extra boost #shootyourshot #dontdoit #oop,https://m.tiktok.com/v/6905899755264593157.html?u_code=0&preview_pb=0&sharer_language=en&_d=e7iei8hg8i9d2f&share_item_id=6905899755264593157&source=h5_m
6905472801482804485,DON'T WORRY, PART 2 IS COMING SOON... #storytime #plottwist #fy,https://m.tiktok.com/v/6905472801482804485.html?u_code=0&preview_pb=0&sharer_language=en&_d=e7iei8hg8i9d2f&share_item_id=6905472801482804485&source=h5_m
6903888188796914950,SOOO awkward who can relate? #ThinkingAbout #Captcha #Robot,https://m.tiktok.com/v/6903888188796914950.html?u_code=0&preview_pb=0&sharer_language=en&_d=e7iei8hg8i9d2f&share_item_id=6903888188796914950&source=h5_m
6902880486301994245,wait for it...I can't believe I had y'all fooled. #HowBizarre #beforeandafter #upgradechallenge,https://m.tiktok.com/v/6902880486301994245.html?u_code=0&preview_pb=0&sharer_language=en&_d=e7iei8hg8i9d2f&share_item_id=6902880486301994245&source=h5_m
6901825232328346885,This is in no way Peppa Pig slander.¬†¬†LINK IN BIOOOO. HELP ME HELP YOU HELP ME! #GetRealMiquela,https://m.tiktok.com/v/6901825232328346885.html?u_code=0&preview_pb=0&sharer_language=en&_d=e7iei8hg8i9d2f&share_item_id=6901825232328346885&source=h5_m
6899244329508932869,I‚Äôm also a compulsive liar üí´ NEW EPISODE üí´ out now!! #GetRealMiquela,https://m.tiktok.com/v/6899244329508932869.html?u_code=0&preview_pb=0&sharer_language=en&_d=e7iei8hg8i9d2f&share_item_id=6899244329508932869&source=h5_m
6898848094142729478,PILGRIMS ARE COLONIZERS. #indigenouspeoplesday #holidaycountdown  #weekendvibes,https://m.tiktok.com/v/6898848094142729478.html?u_code=0&preview_pb=0&sharer_language=en&_d=e7iei8hg8i9d2f&share_item_id=6898848094142729478&source=h5_m
6897323030406499589,I'm fiiiine everything is fine.¬†#leftmeonread #dayinmylife #weekendvibes,https://m.tiktok.com/v/6897323030406499589.html?u_code=0&preview_pb=0&sharer_language=en&_d=e7iei8hg8i9d2f&share_item_id=6897323030406499589&source=h5_m
6896618981273111813,‚ö†Ô∏è My new SNAP show GET REAL, MIQUELA is out now ‚ö†Ô∏è I'm finally getting REAL...,https://m.tiktok.com/v/6896618981273111813.html?u_code=0&preview_pb=0&sharer_language=en&_d=e7iei8hg8i9d2f&share_item_id=6896618981273111813&source=h5_m
6895394795544513797,Share with someone who has a busted smile. #howtosmile #smilechallenge #holidaytiktok,https://m.tiktok.com/v/6895394795544513797.html?u_code=0&preview_pb=0&sharer_language=en&_d=e7h9jkb3e13m0l&share_item_id=6895394795544513797&source=h5_m
6894417812962544902,All i'm sayin is #FREEBRITNEY #realization #fyp,https://m.tiktok.com/v/6894417812962544902.html?u_code=0&preview_pb=0&sharer_language=en&_d=e7h9jkb3e13m0l&share_item_id=6894417812962544902&source=h5_m
6892162722197196037,Daddy Issues. #replytocomments #robot #FamilyImpression #dad,https://m.tiktok.com/v/6892162722197196037.html?u_code=0&preview_pb=0&sharer_language=en&_d=e7h9jkb3e13m0l&share_item_id=6892162722197196037&source=h5_m
6891422384130247942,YES, that's how i function. #robot #fyp #fail,https://m.tiktok.com/v/6891422384130247942.html?u_code=0&preview_pb=0&sharer_language=en&_d=e7h9jkb3e13m0l&share_item_id=6891422384130247942&source=h5_m
6890325902673071366,I saw Gala Darling's ways to speed up your manifestations and I wanna share them with you. #manifestation #WeWinTogether #manifesting,https://m.tiktok.com/v/6890325902673071366.html?u_code=0&preview_pb=0&sharer_language=en&_d=e7h9jkb3e13m0l&share_item_id=6890325902673071366&source=h5_m
6887239486812540166,lmaooo say it out loud #gaminglife #problemsolved #realandfake,https://m.tiktok.com/v/6887239486812540166.html?u_code=0&preview_pb=0&sharer_language=en&_d=e7h9jkb3e13m0l&share_item_id=6887239486812540166&source=h5_m
6882844306583883013,I know I‚Äôm not the only one. #GhostMode #RhymePOV #spongebob #parents,https://m.tiktok.com/v/6882844306583883013.html?u_code=0&preview_pb=0&sharer_language=en&_d=e7h9jkb3e13m0l&share_item_id=6882844306583883013&source=h5_m
6880273645298535685,Found a GEM for y'all in my drafts. #anime #animegirl #levitating #sailormoon #naruto,https://m.tiktok.com/v/6880273645298535685.html?u_code=0&preview_pb=0&sharer_language=en&_d=e7h9jkb3e13m0l&share_item_id=6880273645298535685&source=h5_m
6878731502742473990,Stop asking for a face reveal this is my face. #ReplyingToComments #ImmuneUpVapeDown #AltRocktober,https://m.tiktok.com/v/6878731502742473990.html?u_code=0&preview_pb=0&sharer_language=en&_d=e7h9jkb3e13m0l&share_item_id=6878731502742473990&source=h5_m
6870123964363066629,Me Appreciation Post #26 #tiktokfashionmonth #dior #StreetFashion,https://m.tiktok.com/v/6870123964363066629.html?u_code=0&preview_pb=0&sharer_language=en&_d=e7haic122f6f5f&share_item_id=6870123964363066629&source=h5_m
6864693894962105605,Life is too short to pretend you‚Äôre not a Barb. Who else can spell PRAGUE? #nickiminaj #barbz #nosepainting #prague,https://m.tiktok.com/v/6864693894962105605.html?u_code=0&preview_pb=0&sharer_language=en&_d=e7haic122f6f5f&share_item_id=6864693894962105605&source=h5_m
6863181745001450757,Is 'Miquela's Bizarre Adventure' lame? #anime #animeedit #animechallenge,https://m.tiktok.com/v/6863181745001450757.html?u_code=0&preview_pb=0&sharer_language=en&_d=e7haic122f6f5f&share_item_id=6863181745001450757&source=h5_m
6859882091639819526,How fast do you think they grew back? #waitforit #eyebrows #summerDIY,https://m.tiktok.com/v/6859882091639819526.html?u_code=0&preview_pb=0&sharer_language=en&_d=e7haic122f6f5f&share_item_id=6859882091639819526&source=h5_m
6844268937996176646,Who can relate? #waitforend #realtalk #factsaboutme,https://m.tiktok.com/v/6844268937996176646.html?u_code=0&preview_pb=0&sharer_language=en&_d=e7haic122f6f5f&share_item_id=6844268937996176646&source=h5_m
6829049427433475334,I say "bitch" as a term of endearment. #vibewithme #fy,https://m.tiktok.com/v/6829049427433475334.html?u_code=0&preview_pb=0&sharer_language=en&_d=e7haic122f6f5f&share_item_id=6829049427433475334&source=h5_m
6826776631441460486,i don‚Äôt have a mom. #MomsofTikTok #mumcheck #vibes #fy,https://m.tiktok.com/v/6826776631441460486.html?u_code=0&preview_pb=0&sharer_language=en&_d=e7haic122f6f5f&share_item_id=6826776631441460486&source=h5_m
6825377169636592902,wait this was hard lol @bermudaisbae #mmmchallenge #arewedoingthisright #fy,https://m.tiktok.com/v/6825377169636592902.html?u_code=0&preview_pb=0&sharer_language=en&_d=e7haic122f6f5f&share_item_id=6825377169636592902&source=h5_m
6821996652581113093,It‚Äôs upsetting me and my homegirl #answeringquestions #fy #mepracticing,https://m.tiktok.com/v/6821996652581113093.html?u_code=0&preview_pb=0&sharer_language=en&_d=e7haic122f6f5f&share_item_id=6821996652581113093&source=h5_m
6820442784093228294,Did I invent a thing? IDK, but it feels like it. #breakup #feelings #notjustme,https://m.tiktok.com/v/6820442784093228294.html?u_code=0&preview_pb=0&sharer_language=en&_d=e7haic122f6f5f&share_item_id=6820442784093228294&source=h5_m
6816123096051846406,How do you even make friends? #bored #fyp #foryourpage,https://m.tiktok.com/v/6816123096051846406.html?u_code=0&preview_pb=0&sharer_language=en&_d=e7hgc35mm9f59m&share_item_id=6816123096051846406&source=h5_m
6810467747290516741,How many palettes you think I used? #distancedance #fyp #makeup #challenge,https://m.tiktok.com/v/6810467747290516741.html?u_code=0&preview_pb=0&sharer_language=en&_d=e7hgc35mm9f59m&share_item_id=6810467747290516741&source=h5_m
6803357545143602437,Blink to the beat. #SpeakUp #NewSong #Challenge,https://m.tiktok.com/v/6803357545143602437.html?u_code=0&preview_pb=0&sharer_language=en&_d=e7hgc35mm9f59m&share_item_id=6803357545143602437&source=h5_m
6802677415912017157,My YouTube face üôÉ 1, 2, 3, 4, or 5?#fyp #fail #relatable,https://m.tiktok.com/v/6802677415912017157.html?u_code=0&preview_pb=0&sharer_language=en&_d=e7hgc35mm9f59m&share_item_id=6802677415912017157&source=h5_m
6782995183547026694,üòò #rosalia,https://m.tiktok.com/v/6782995183547026694.html?u_code=0&preview_pb=0&sharer_language=en&_d=e7hgc35mm9f59m&share_item_id=6782995183547026694&source=h5_m
6757123304395410693,When my friend @casssidy_j danced to my new single "AUTOMATIC" I went üò≤üëÄ #justdancemoves,https://m.tiktok.com/v/6757123304395410693.html?u_code=0&preview_pb=0&sharer_language=en&_d=e7hgc35mm9f59m&share_item_id=6757123304395410693&source=h5_m
6747406881649675526,Does anyone have a cure for crush disease?? üë©üèª‚Äç‚öïÔ∏èüß™ I spill everything about falling in robo-love in my latest confessional üôä#Love #miquela,https://m.tiktok.com/v/6747406881649675526.html?u_code=0&preview_pb=0&sharer_language=en&_d=e7hgc35mm9f59m&share_item_id=6747406881649675526&source=h5_m
6745578096746859781,Let a girl figure this out, okay?!! ü§ñ#music #life #ihavearrived,https://m.tiktok.com/v/6745578096746859781.html?u_code=0&preview_pb=0&sharer_language=en&_d=e7hgc35mm9f59m&share_item_id=6745578096746859781&source=h5_m
6741428878360841478,When a hot girl asks me to sign her tiddies ‚ö°Ô∏èüîåüö®#powersurge ü§§ #miquela #crush #robotgirl,https://m.tiktok.com/v/6741428878360841478.html?u_code=0&preview_pb=0&sharer_language=en&_d=e7hgc35mm9f59m&share_item_id=6741428878360841478&source=h5_m
6738086528213454086,SOOO fun to make and even more fun to share üò≠üíû #moneymusicvideo #miquela #robotgirl,https://m.tiktok.com/v/6738086528213454086.html?u_code=0&preview_pb=0&sharer_language=en&_d=e7hgc35mm9f59m&share_item_id=6738086528213454086&source=h5_m
6735898500145351942,Time for you to know...the real me. ü§ñ #miquela #Vlog #realtalk,https://m.tiktok.com/v/6735898500145351942.html?u_code=0&preview_pb=0&sharer_language=en&_d=e7j8gaaeidk8jd&share_item_id=6735898500145351942&source=h5_m
6735568432017788165,Soooo my ‚ÄúMoney‚Äù music video drops next week but here‚Äôs this good boy. üòÇ #moneymusic #mindwanders,https://m.tiktok.com/v/6735568432017788165.html?u_code=0&preview_pb=0&sharer_language=en&_d=e7j8gaaeidk8jd&share_item_id=6735568432017788165&source=h5_m
6701064089390550277,Right Back remixes dropping tomorrow! #rightback,https://m.tiktok.com/v/6701064089390550277.html?u_code=0&preview_pb=0&sharer_language=en&_d=e7j8gaaeidk8jd&share_item_id=6701064089390550277&source=h5_m
6691671604352519430,I am here. This is my truth. #MYTRUTH #MYCALVINS @bellahadid @calvinklein,https://m.tiktok.com/v/6691671604352519430.html?u_code=0&preview_pb=0&sharer_language=en&_d=e7j8gaaeidk8jd&share_item_id=6691671604352519430&source=h5_m
